Title,Price,Img Url,Winery
"DOMAINE BABUNA, BABUNA RED 2021, 0.75l",930 ден,https://wine.mk/wp-content/uploads/2023/10/Tikves-Babuna-Red-Wine-0.75L-375x400.jpg,Tikveš Châteaux & Domaines
"DOMAINE BABUNA, BABUNA WHITE 2022, 0.75l",930 ден,https://wine.mk/wp-content/uploads/2023/10/Tikves-Babuna-White-Wine-0.75L-375x400.jpg,Tikveš Châteaux & Domaines
"DOMAINE BELA VODA, GRENACHE BLANC 2021, 0.75l",750 ден,https://wine.mk/wp-content/uploads/2023/10/%D0%93%D1%80%D0%B5%D0%BD%D0%B0%D0%B6-%D0%B1%D0%BB%D0%B0%D0%BD%D0%BA-1-768x768-1-375x400.png,Tikveš Châteaux & Domaines
"DOMAINE BAROVO, ROSE 2022, 0.75l",930 ден,https://wine.mk/wp-content/uploads/2023/10/Rose-Barovo-375x400.jpg,Tikveš Châteaux & Domaines
"DOMAINE BAROVO, TEMJANIKA 2022, 0.75l",930 ден,https://wine.mk/wp-content/uploads/2023/10/Temjanika-Barovo-375x400.jpg,Tikveš Châteaux & Domaines
"KARTAL WINERY, VRANEC LATE HARVEST, 0.75L",760 ден 608 ден,https://wine.mk/wp-content/uploads/2023/10/7-4-375x400.jpg,Kartal Winery
"ILIEV WINERY, CABERNET SAUVIGNON 2021, 0.75L",450 ден,https://wine.mk/wp-content/uploads/2023/09/6-4-375x400.jpg,ILIEV WINERY
"ILIEV WINERY, SYRAH 2021, 0.75L",499 ден,https://wine.mk/wp-content/uploads/2023/09/4-4-375x400.jpg,ILIEV WINERY
"ILIEV WINERY, ROSE 2022, 0.75L",450 ден,https://wine.mk/wp-content/uploads/2023/09/3-5-375x400.jpg,ILIEV WINERY
"ILIEV WINERY, GEWURTZTRAMINER, 0.75L",690 ден,https://wine.mk/wp-content/uploads/2023/09/1-6-375x400.jpg,ILIEV WINERY
"ILIEV WINERY, RIESLING 2022, 0.75L",499 ден,https://wine.mk/wp-content/uploads/2023/09/2-4-375x400.jpg,ILIEV WINERY
"ILIEV WINERY, TEMJANIKA 2022, 0.75L",450 ден,https://wine.mk/wp-content/uploads/2023/09/5-4-375x400.jpg,ILIEV WINERY
"OLD SCHOOL WINERY, MERLOT, 0.75L",490 ден,https://wine.mk/wp-content/uploads/2023/08/21-2-375x400.jpg,Old School Winery
"OLD SCHOOL WINERY, CABERNET SAUVIGNON, 0.75L",490 ден,https://wine.mk/wp-content/uploads/2023/08/20-2-375x400.jpg,Old School Winery
"CHATEAU KAMNIK, WINEMAKERS’ SELECTION 2020, 0.375L",330 ден,https://wine.mk/wp-content/uploads/2017/11/25-1-375x400.png,Kamnik Winery
"OLD SCHOOL WINERY, R’KACITELI, 0.75L",490 ден,https://wine.mk/wp-content/uploads/2023/08/old-school-rkaciteli-1-1-375x400.jpg,Old School Winery
"OLD SCHOOL WINERY, TEMJANIKA, 0.75L",430 ден,https://wine.mk/wp-content/uploads/2023/08/5-3-375x400.jpg,Old School Winery
"OLD SCHOOL WINERY, CHARDONNAY OAK EDITION, 0.75L",630 ден,https://wine.mk/wp-content/uploads/2023/08/4-3-375x400.jpg,Old School Winery
"PARAGON WINERY, CHARDONNAY, 0.75L",520 ден,https://wine.mk/wp-content/uploads/2023/06/6-7-375x400.png,Paragon Winery
"PARAGON WINERY, TEMJANIKA, 0.75L",520 ден,https://wine.mk/wp-content/uploads/2023/06/7-5-375x400.png,Paragon Winery
"PARAGON WINERY, ITALIAN RIESLING, 0.75L",520 ден,https://wine.mk/wp-content/uploads/2023/06/8-5-375x400.png,Paragon Winery
"PARAGON WINERY, SAUVIGNON BLANC, 0.75L",520 ден,https://wine.mk/wp-content/uploads/2023/06/9-3-375x400.png,Paragon Winery
"PARAGON WINERY, ROSE, 0.75L",520 ден,https://wine.mk/wp-content/uploads/2023/06/10-4-375x400.png,Paragon Winery
"PARAGON WINERY, GAME, 0.75L",520 ден,https://wine.mk/wp-content/uploads/2023/06/game-375x400.jpg,Paragon Winery
"DOMAINE BABUNA, BABUNA RED 2021, 0.75l",930 ден,https://wine.mk/wp-content/uploads/2023/10/Tikves-Babuna-Red-Wine-0.75L-375x400.jpg,Tikveš Châteaux & Domaines
"DOMAINE BABUNA, BABUNA WHITE 2022, 0.75l",930 ден,https://wine.mk/wp-content/uploads/2023/10/Tikves-Babuna-White-Wine-0.75L-375x400.jpg,Tikveš Châteaux & Domaines
"DOMAINE BELA VODA, GRENACHE BLANC 2021, 0.75l",750 ден,https://wine.mk/wp-content/uploads/2023/10/%D0%93%D1%80%D0%B5%D0%BD%D0%B0%D0%B6-%D0%B1%D0%BB%D0%B0%D0%BD%D0%BA-1-768x768-1-375x400.png,Tikveš Châteaux & Domaines
"DOMAINE BABUNA, BABUNA RED 2021, 0.75l",930 ден,https://wine.mk/wp-content/uploads/2023/10/Tikves-Babuna-Red-Wine-0.75L-375x400.jpg,Tikveš Châteaux & Domaines
"DOMAINE BABUNA, BABUNA WHITE 2022, 0.75l",930 ден,https://wine.mk/wp-content/uploads/2023/10/Tikves-Babuna-White-Wine-0.75L-375x400.jpg,Tikveš Châteaux & Domaines
"DOMAINE BELA VODA, GRENACHE BLANC 2021, 0.75l",750 ден,https://wine.mk/wp-content/uploads/2023/10/%D0%93%D1%80%D0%B5%D0%BD%D0%B0%D0%B6-%D0%B1%D0%BB%D0%B0%D0%BD%D0%BA-1-768x768-1-375x400.png,Tikveš Châteaux & Domaines
"DOMAINE BABUNA, BABUNA RED 2021, 0.75l",930 ден,https://wine.mk/wp-content/uploads/2023/10/Tikves-Babuna-Red-Wine-0.75L-375x400.jpg,Tikveš Châteaux & Domaines
"DOMAINE BABUNA, BABUNA WHITE 2022, 0.75l",930 ден,https://wine.mk/wp-content/uploads/2023/10/Tikves-Babuna-White-Wine-0.75L-375x400.jpg,Tikveš Châteaux & Domaines
"DOMAINE BELA VODA, GRENACHE BLANC 2021, 0.75l",750 ден,https://wine.mk/wp-content/uploads/2023/10/%D0%93%D1%80%D0%B5%D0%BD%D0%B0%D0%B6-%D0%B1%D0%BB%D0%B0%D0%BD%D0%BA-1-768x768-1-375x400.png,Tikveš Châteaux & Domaines
"DOMAINE BABUNA, BABUNA RED 2021, 0.75l",930 ден,https://wine.mk/wp-content/uploads/2023/10/Tikves-Babuna-Red-Wine-0.75L-375x400.jpg,Tikveš Châteaux & Domaines
"DOMAINE BABUNA, BABUNA WHITE 2022, 0.75l",930 ден,https://wine.mk/wp-content/uploads/2023/10/Tikves-Babuna-White-Wine-0.75L-375x400.jpg,Tikveš Châteaux & Domaines
"DOMAINE BELA VODA, GRENACHE BLANC 2021, 0.75l",750 ден,https://wine.mk/wp-content/uploads/2023/10/%D0%93%D1%80%D0%B5%D0%BD%D0%B0%D0%B6-%D0%B1%D0%BB%D0%B0%D0%BD%D0%BA-1-768x768-1-375x400.png,Tikveš Châteaux & Domaines
"DOMAINE BABUNA, BABUNA RED 2021, 0.75l",930 ден,https://wine.mk/wp-content/uploads/2023/10/Tikves-Babuna-Red-Wine-0.75L-375x400.jpg,Tikveš Châteaux & Domaines
"DOMAINE BABUNA, BABUNA WHITE 2022, 0.75l",930 ден,https://wine.mk/wp-content/uploads/2023/10/Tikves-Babuna-White-Wine-0.75L-375x400.jpg,Tikveš Châteaux & Domaines
"DOMAINE BELA VODA, GRENACHE BLANC 2021, 0.75l",750 ден,https://wine.mk/wp-content/uploads/2023/10/%D0%93%D1%80%D0%B5%D0%BD%D0%B0%D0%B6-%D0%B1%D0%BB%D0%B0%D0%BD%D0%BA-1-768x768-1-375x400.png,Tikveš Châteaux & Domaines
"DOMAINE BABUNA, BABUNA RED 2021, 0.75l",930 ден,https://wine.mk/wp-content/uploads/2023/10/Tikves-Babuna-Red-Wine-0.75L-375x400.jpg,Tikveš Châteaux & Domaines
"DOMAINE BABUNA, BABUNA WHITE 2022, 0.75l",930 ден,https://wine.mk/wp-content/uploads/2023/10/Tikves-Babuna-White-Wine-0.75L-375x400.jpg,Tikveš Châteaux & Domaines
"DOMAINE BELA VODA, GRENACHE BLANC 2021, 0.75l",750 ден,https://wine.mk/wp-content/uploads/2023/10/%D0%93%D1%80%D0%B5%D0%BD%D0%B0%D0%B6-%D0%B1%D0%BB%D0%B0%D0%BD%D0%BA-1-768x768-1-375x400.png,Tikveš Châteaux & Domaines
"DOMAINE BABUNA, BABUNA RED 2021, 0.75l",930 ден,https://wine.mk/wp-content/uploads/2023/10/Tikves-Babuna-Red-Wine-0.75L-375x400.jpg,Tikveš Châteaux & Domaines
"DOMAINE BABUNA, BABUNA WHITE 2022, 0.75l",930 ден,https://wine.mk/wp-content/uploads/2023/10/Tikves-Babuna-White-Wine-0.75L-375x400.jpg,Tikveš Châteaux & Domaines
"DOMAINE BELA VODA, GRENACHE BLANC 2021, 0.75l",750 ден,https://wine.mk/wp-content/uploads/2023/10/%D0%93%D1%80%D0%B5%D0%BD%D0%B0%D0%B6-%D0%B1%D0%BB%D0%B0%D0%BD%D0%BA-1-768x768-1-375x400.png,Tikveš Châteaux & Domaines
"DOMAINE BABUNA, BABUNA RED 2021, 0.75l",930 ден,https://wine.mk/wp-content/uploads/2023/10/Tikves-Babuna-Red-Wine-0.75L-375x400.jpg,Tikveš Châteaux & Domaines
"DOMAINE BABUNA, BABUNA WHITE 2022, 0.75l",930 ден,https://wine.mk/wp-content/uploads/2023/10/Tikves-Babuna-White-Wine-0.75L-375x400.jpg,Tikveš Châteaux & Domaines
"DOMAINE BELA VODA, GRENACHE BLANC 2021, 0.75l",750 ден,https://wine.mk/wp-content/uploads/2023/10/%D0%93%D1%80%D0%B5%D0%BD%D0%B0%D0%B6-%D0%B1%D0%BB%D0%B0%D0%BD%D0%BA-1-768x768-1-375x400.png,Tikveš Châteaux & Domaines
"DOMAINE BAROVO, ROSE 2022, 0.75l",930 ден,https://wine.mk/wp-content/uploads/2023/10/Rose-Barovo-375x400.jpg,Tikveš Châteaux & Domaines
"DOMAINE BAROVO, TEMJANIKA 2022, 0.75l",930 ден,https://wine.mk/wp-content/uploads/2023/10/Temjanika-Barovo-375x400.jpg,Tikveš Châteaux & Domaines
"KARTAL WINERY, VRANEC LATE HARVEST, 0.75L",760 ден 608 ден,https://wine.mk/wp-content/uploads/2023/10/7-4-375x400.jpg,Kartal Winery
"ILIEV WINERY, CABERNET SAUVIGNON 2021, 0.75L",450 ден,https://wine.mk/wp-content/uploads/2023/09/6-4-375x400.jpg,ILIEV WINERY
"ILIEV WINERY, SYRAH 2021, 0.75L",499 ден,https://wine.mk/wp-content/uploads/2023/09/4-4-375x400.jpg,ILIEV WINERY
"ILIEV WINERY, ROSE 2022, 0.75L",450 ден,https://wine.mk/wp-content/uploads/2023/09/3-5-375x400.jpg,ILIEV WINERY
"ILIEV WINERY, GEWURTZTRAMINER, 0.75L",690 ден,https://wine.mk/wp-content/uploads/2023/09/1-6-375x400.jpg,ILIEV WINERY
"ILIEV WINERY, RIESLING 2022, 0.75L",499 ден,https://wine.mk/wp-content/uploads/2023/09/2-4-375x400.jpg,ILIEV WINERY
"ILIEV WINERY, TEMJANIKA 2022, 0.75L",450 ден,https://wine.mk/wp-content/uploads/2023/09/5-4-375x400.jpg,ILIEV WINERY
"OLD SCHOOL WINERY, MERLOT, 0.75L",490 ден,https://wine.mk/wp-content/uploads/2023/08/21-2-375x400.jpg,Old School Winery
"OLD SCHOOL WINERY, CABERNET SAUVIGNON, 0.75L",490 ден,https://wine.mk/wp-content/uploads/2023/08/20-2-375x400.jpg,Old School Winery
"CHATEAU KAMNIK, WINEMAKERS’ SELECTION 2020, 0.375L",330 ден,https://wine.mk/wp-content/uploads/2017/11/25-1-375x400.png,Kamnik Winery
"OLD SCHOOL WINERY, R’KACITELI, 0.75L",490 ден,https://wine.mk/wp-content/uploads/2023/08/old-school-rkaciteli-1-1-375x400.jpg,Old School Winery
"OLD SCHOOL WINERY, TEMJANIKA, 0.75L",430 ден,https://wine.mk/wp-content/uploads/2023/08/5-3-375x400.jpg,Old School Winery
"OLD SCHOOL WINERY, CHARDONNAY OAK EDITION, 0.75L",630 ден,https://wine.mk/wp-content/uploads/2023/08/4-3-375x400.jpg,Old School Winery
"PARAGON WINERY, CHARDONNAY, 0.75L",520 ден,https://wine.mk/wp-content/uploads/2023/06/6-7-375x400.png,Paragon Winery
"PARAGON WINERY, TEMJANIKA, 0.75L",520 ден,https://wine.mk/wp-content/uploads/2023/06/7-5-375x400.png,Paragon Winery
"PARAGON WINERY, ITALIAN RIESLING, 0.75L",520 ден,https://wine.mk/wp-content/uploads/2023/06/8-5-375x400.png,Paragon Winery
"PARAGON WINERY, SAUVIGNON BLANC, 0.75L",520 ден,https://wine.mk/wp-content/uploads/2023/06/9-3-375x400.png,Paragon Winery
"PARAGON WINERY, ROSE, 0.75L",520 ден,https://wine.mk/wp-content/uploads/2023/06/10-4-375x400.png,Paragon Winery
"PARAGON WINERY, GAME, 0.75L",520 ден,https://wine.mk/wp-content/uploads/2023/06/game-375x400.jpg,Paragon Winery
"DOMAINE BABUNA, BABUNA RED 2021, 0.75l",930 ден,https://wine.mk/wp-content/uploads/2023/10/Tikves-Babuna-Red-Wine-0.75L-375x400.jpg,Tikveš Châteaux & Domaines
"DOMAINE BABUNA, BABUNA WHITE 2022, 0.75l",930 ден,https://wine.mk/wp-content/uploads/2023/10/Tikves-Babuna-White-Wine-0.75L-375x400.jpg,Tikveš Châteaux & Domaines
"DOMAINE BELA VODA, GRENACHE BLANC 2021, 0.75l",750 ден,https://wine.mk/wp-content/uploads/2023/10/%D0%93%D1%80%D0%B5%D0%BD%D0%B0%D0%B6-%D0%B1%D0%BB%D0%B0%D0%BD%D0%BA-1-768x768-1-375x400.png,Tikveš Châteaux & Domaines
"DOMAINE BAROVO, ROSE 2022, 0.75l",930 ден,https://wine.mk/wp-content/uploads/2023/10/Rose-Barovo-375x400.jpg,Tikveš Châteaux & Domaines
"DOMAINE BAROVO, TEMJANIKA 2022, 0.75l",930 ден,https://wine.mk/wp-content/uploads/2023/10/Temjanika-Barovo-375x400.jpg,Tikveš Châteaux & Domaines
"KARTAL WINERY, VRANEC LATE HARVEST, 0.75L",760 ден 608 ден,https://wine.mk/wp-content/uploads/2023/10/7-4-375x400.jpg,Kartal Winery
"ILIEV WINERY, CABERNET SAUVIGNON 2021, 0.75L",450 ден,https://wine.mk/wp-content/uploads/2023/09/6-4-375x400.jpg,ILIEV WINERY
"ILIEV WINERY, SYRAH 2021, 0.75L",499 ден,https://wine.mk/wp-content/uploads/2023/09/4-4-375x400.jpg,ILIEV WINERY
"ILIEV WINERY, ROSE 2022, 0.75L",450 ден,https://wine.mk/wp-content/uploads/2023/09/3-5-375x400.jpg,ILIEV WINERY
"ILIEV WINERY, GEWURTZTRAMINER, 0.75L",690 ден,https://wine.mk/wp-content/uploads/2023/09/1-6-375x400.jpg,ILIEV WINERY
"ILIEV WINERY, RIESLING 2022, 0.75L",499 ден,https://wine.mk/wp-content/uploads/2023/09/2-4-375x400.jpg,ILIEV WINERY
"ILIEV WINERY, TEMJANIKA 2022, 0.75L",450 ден,https://wine.mk/wp-content/uploads/2023/09/5-4-375x400.jpg,ILIEV WINERY
"OLD SCHOOL WINERY, MERLOT, 0.75L",490 ден,https://wine.mk/wp-content/uploads/2023/08/21-2-375x400.jpg,Old School Winery
"OLD SCHOOL WINERY, CABERNET SAUVIGNON, 0.75L",490 ден,https://wine.mk/wp-content/uploads/2023/08/20-2-375x400.jpg,Old School Winery
"CHATEAU KAMNIK, WINEMAKERS’ SELECTION 2020, 0.375L",330 ден,https://wine.mk/wp-content/uploads/2017/11/25-1-375x400.png,Kamnik Winery
"OLD SCHOOL WINERY, R’KACITELI, 0.75L",490 ден,https://wine.mk/wp-content/uploads/2023/08/old-school-rkaciteli-1-1-375x400.jpg,Old School Winery
"OLD SCHOOL WINERY, TEMJANIKA, 0.75L",430 ден,https://wine.mk/wp-content/uploads/2023/08/5-3-375x400.jpg,Old School Winery
"OLD SCHOOL WINERY, CHARDONNAY OAK EDITION, 0.75L",630 ден,https://wine.mk/wp-content/uploads/2023/08/4-3-375x400.jpg,Old School Winery
"PARAGON WINERY, CHARDONNAY, 0.75L",520 ден,https://wine.mk/wp-content/uploads/2023/06/6-7-375x400.png,Paragon Winery
"PARAGON WINERY, TEMJANIKA, 0.75L",520 ден,https://wine.mk/wp-content/uploads/2023/06/7-5-375x400.png,Paragon Winery
"PARAGON WINERY, ITALIAN RIESLING, 0.75L",520 ден,https://wine.mk/wp-content/uploads/2023/06/8-5-375x400.png,Paragon Winery
"PARAGON WINERY, SAUVIGNON BLANC, 0.75L",520 ден,https://wine.mk/wp-content/uploads/2023/06/9-3-375x400.png,Paragon Winery
"PARAGON WINERY, ROSE, 0.75L",520 ден,https://wine.mk/wp-content/uploads/2023/06/10-4-375x400.png,Paragon Winery
"PARAGON WINERY, GAME, 0.75L",520 ден,https://wine.mk/wp-content/uploads/2023/06/game-375x400.jpg,Paragon Winery
"DOMAINE BABUNA, BABUNA RED 2021, 0.75l",930 ден,https://wine.mk/wp-content/uploads/2023/10/Tikves-Babuna-Red-Wine-0.75L-375x400.jpg,Tikveš Châteaux & Domaines
"DOMAINE BABUNA, BABUNA WHITE 2022, 0.75l",930 ден,https://wine.mk/wp-content/uploads/2023/10/Tikves-Babuna-White-Wine-0.75L-375x400.jpg,Tikveš Châteaux & Domaines
"DOMAINE BELA VODA, GRENACHE BLANC 2021, 0.75l",750 ден,https://wine.mk/wp-content/uploads/2023/10/%D0%93%D1%80%D0%B5%D0%BD%D0%B0%D0%B6-%D0%B1%D0%BB%D0%B0%D0%BD%D0%BA-1-768x768-1-375x400.png,Tikveš Châteaux & Domaines
"DOMAINE BAROVO, ROSE 2022, 0.75l",930 ден,https://wine.mk/wp-content/uploads/2023/10/Rose-Barovo-375x400.jpg,Tikveš Châteaux & Domaines
"DOMAINE BAROVO, TEMJANIKA 2022, 0.75l",930 ден,https://wine.mk/wp-content/uploads/2023/10/Temjanika-Barovo-375x400.jpg,Tikveš Châteaux & Domaines
"KARTAL WINERY, VRANEC LATE HARVEST, 0.75L",760 ден 608 ден,https://wine.mk/wp-content/uploads/2023/10/7-4-375x400.jpg,Kartal Winery
"ILIEV WINERY, CABERNET SAUVIGNON 2021, 0.75L",450 ден,https://wine.mk/wp-content/uploads/2023/09/6-4-375x400.jpg,ILIEV WINERY
"ILIEV WINERY, SYRAH 2021, 0.75L",499 ден,https://wine.mk/wp-content/uploads/2023/09/4-4-375x400.jpg,ILIEV WINERY
"ILIEV WINERY, ROSE 2022, 0.75L",450 ден,https://wine.mk/wp-content/uploads/2023/09/3-5-375x400.jpg,ILIEV WINERY
"ILIEV WINERY, GEWURTZTRAMINER, 0.75L",690 ден,https://wine.mk/wp-content/uploads/2023/09/1-6-375x400.jpg,ILIEV WINERY
"ILIEV WINERY, RIESLING 2022, 0.75L",499 ден,https://wine.mk/wp-content/uploads/2023/09/2-4-375x400.jpg,ILIEV WINERY
"ILIEV WINERY, TEMJANIKA 2022, 0.75L",450 ден,https://wine.mk/wp-content/uploads/2023/09/5-4-375x400.jpg,ILIEV WINERY
"OLD SCHOOL WINERY, MERLOT, 0.75L",490 ден,https://wine.mk/wp-content/uploads/2023/08/21-2-375x400.jpg,Old School Winery
"OLD SCHOOL WINERY, CABERNET SAUVIGNON, 0.75L",490 ден,https://wine.mk/wp-content/uploads/2023/08/20-2-375x400.jpg,Old School Winery
"CHATEAU KAMNIK, WINEMAKERS’ SELECTION 2020, 0.375L",330 ден,https://wine.mk/wp-content/uploads/2017/11/25-1-375x400.png,Kamnik Winery
"OLD SCHOOL WINERY, R’KACITELI, 0.75L",490 ден,https://wine.mk/wp-content/uploads/2023/08/old-school-rkaciteli-1-1-375x400.jpg,Old School Winery
"OLD SCHOOL WINERY, TEMJANIKA, 0.75L",430 ден,https://wine.mk/wp-content/uploads/2023/08/5-3-375x400.jpg,Old School Winery
"OLD SCHOOL WINERY, CHARDONNAY OAK EDITION, 0.75L",630 ден,https://wine.mk/wp-content/uploads/2023/08/4-3-375x400.jpg,Old School Winery
"PARAGON WINERY, CHARDONNAY, 0.75L",520 ден,https://wine.mk/wp-content/uploads/2023/06/6-7-375x400.png,Paragon Winery
"PARAGON WINERY, TEMJANIKA, 0.75L",520 ден,https://wine.mk/wp-content/uploads/2023/06/7-5-375x400.png,Paragon Winery
"PARAGON WINERY, ITALIAN RIESLING, 0.75L",520 ден,https://wine.mk/wp-content/uploads/2023/06/8-5-375x400.png,Paragon Winery
"PARAGON WINERY, SAUVIGNON BLANC, 0.75L",520 ден,https://wine.mk/wp-content/uploads/2023/06/9-3-375x400.png,Paragon Winery
"PARAGON WINERY, ROSE, 0.75L",520 ден,https://wine.mk/wp-content/uploads/2023/06/10-4-375x400.png,Paragon Winery
"PARAGON WINERY, GAME, 0.75L",520 ден,https://wine.mk/wp-content/uploads/2023/06/game-375x400.jpg,Paragon Winery
"DOMAINE BABUNA, BABUNA RED 2021, 0.75l",930 ден,https://wine.mk/wp-content/uploads/2023/10/Tikves-Babuna-Red-Wine-0.75L-375x400.jpg,Tikveš Châteaux & Domaines
"DOMAINE BABUNA, BABUNA WHITE 2022, 0.75l",930 ден,https://wine.mk/wp-content/uploads/2023/10/Tikves-Babuna-White-Wine-0.75L-375x400.jpg,Tikveš Châteaux & Domaines
"DOMAINE BELA VODA, GRENACHE BLANC 2021, 0.75l",750 ден,https://wine.mk/wp-content/uploads/2023/10/%D0%93%D1%80%D0%B5%D0%BD%D0%B0%D0%B6-%D0%B1%D0%BB%D0%B0%D0%BD%D0%BA-1-768x768-1-375x400.png,Tikveš Châteaux & Domaines
"DOMAINE BAROVO, ROSE 2022, 0.75l",930 ден,https://wine.mk/wp-content/uploads/2023/10/Rose-Barovo-375x400.jpg,Tikveš Châteaux & Domaines
"DOMAINE BAROVO, TEMJANIKA 2022, 0.75l",930 ден,https://wine.mk/wp-content/uploads/2023/10/Temjanika-Barovo-375x400.jpg,Tikveš Châteaux & Domaines
"KARTAL WINERY, VRANEC LATE HARVEST, 0.75L",760 ден 608 ден,https://wine.mk/wp-content/uploads/2023/10/7-4-375x400.jpg,Kartal Winery
"ILIEV WINERY, CABERNET SAUVIGNON 2021, 0.75L",450 ден,https://wine.mk/wp-content/uploads/2023/09/6-4-375x400.jpg,ILIEV WINERY
"ILIEV WINERY, SYRAH 2021, 0.75L",499 ден,https://wine.mk/wp-content/uploads/2023/09/4-4-375x400.jpg,ILIEV WINERY
"ILIEV WINERY, ROSE 2022, 0.75L",450 ден,https://wine.mk/wp-content/uploads/2023/09/3-5-375x400.jpg,ILIEV WINERY
"ILIEV WINERY, GEWURTZTRAMINER, 0.75L",690 ден,https://wine.mk/wp-content/uploads/2023/09/1-6-375x400.jpg,ILIEV WINERY
"ILIEV WINERY, RIESLING 2022, 0.75L",499 ден,https://wine.mk/wp-content/uploads/2023/09/2-4-375x400.jpg,ILIEV WINERY
"ILIEV WINERY, TEMJANIKA 2022, 0.75L",450 ден,https://wine.mk/wp-content/uploads/2023/09/5-4-375x400.jpg,ILIEV WINERY
"OLD SCHOOL WINERY, MERLOT, 0.75L",490 ден,https://wine.mk/wp-content/uploads/2023/08/21-2-375x400.jpg,Old School Winery
"OLD SCHOOL WINERY, CABERNET SAUVIGNON, 0.75L",490 ден,https://wine.mk/wp-content/uploads/2023/08/20-2-375x400.jpg,Old School Winery
"CHATEAU KAMNIK, WINEMAKERS’ SELECTION 2020, 0.375L",330 ден,https://wine.mk/wp-content/uploads/2017/11/25-1-375x400.png,Kamnik Winery
"OLD SCHOOL WINERY, R’KACITELI, 0.75L",490 ден,https://wine.mk/wp-content/uploads/2023/08/old-school-rkaciteli-1-1-375x400.jpg,Old School Winery
"OLD SCHOOL WINERY, TEMJANIKA, 0.75L",430 ден,https://wine.mk/wp-content/uploads/2023/08/5-3-375x400.jpg,Old School Winery
"OLD SCHOOL WINERY, CHARDONNAY OAK EDITION, 0.75L",630 ден,https://wine.mk/wp-content/uploads/2023/08/4-3-375x400.jpg,Old School Winery
"PARAGON WINERY, CHARDONNAY, 0.75L",520 ден,https://wine.mk/wp-content/uploads/2023/06/6-7-375x400.png,Paragon Winery
"PARAGON WINERY, TEMJANIKA, 0.75L",520 ден,https://wine.mk/wp-content/uploads/2023/06/7-5-375x400.png,Paragon Winery
"PARAGON WINERY, ITALIAN RIESLING, 0.75L",520 ден,https://wine.mk/wp-content/uploads/2023/06/8-5-375x400.png,Paragon Winery
"PARAGON WINERY, SAUVIGNON BLANC, 0.75L",520 ден,https://wine.mk/wp-content/uploads/2023/06/9-3-375x400.png,Paragon Winery
"PARAGON WINERY, ROSE, 0.75L",520 ден,https://wine.mk/wp-content/uploads/2023/06/10-4-375x400.png,Paragon Winery
"PARAGON WINERY, GAME, 0.75L",520 ден,https://wine.mk/wp-content/uploads/2023/06/game-375x400.jpg,Paragon Winery
"DOMAINE BABUNA, BABUNA RED 2021, 0.75l",930 ден,https://wine.mk/wp-content/uploads/2023/10/Tikves-Babuna-Red-Wine-0.75L-375x400.jpg,Tikveš Châteaux & Domaines
"DOMAINE BABUNA, BABUNA WHITE 2022, 0.75l",930 ден,https://wine.mk/wp-content/uploads/2023/10/Tikves-Babuna-White-Wine-0.75L-375x400.jpg,Tikveš Châteaux & Domaines
"DOMAINE BELA VODA, GRENACHE BLANC 2021, 0.75l",750 ден,https://wine.mk/wp-content/uploads/2023/10/%D0%93%D1%80%D0%B5%D0%BD%D0%B0%D0%B6-%D0%B1%D0%BB%D0%B0%D0%BD%D0%BA-1-768x768-1-375x400.png,Tikveš Châteaux & Domaines
"DOMAINE BAROVO, ROSE 2022, 0.75l",930 ден,https://wine.mk/wp-content/uploads/2023/10/Rose-Barovo-375x400.jpg,Tikveš Châteaux & Domaines
"DOMAINE BAROVO, TEMJANIKA 2022, 0.75l",930 ден,https://wine.mk/wp-content/uploads/2023/10/Temjanika-Barovo-375x400.jpg,Tikveš Châteaux & Domaines
"KARTAL WINERY, VRANEC LATE HARVEST, 0.75L",760 ден 608 ден,https://wine.mk/wp-content/uploads/2023/10/7-4-375x400.jpg,Kartal Winery
"ILIEV WINERY, CABERNET SAUVIGNON 2021, 0.75L",450 ден,https://wine.mk/wp-content/uploads/2023/09/6-4-375x400.jpg,ILIEV WINERY
"ILIEV WINERY, SYRAH 2021, 0.75L",499 ден,https://wine.mk/wp-content/uploads/2023/09/4-4-375x400.jpg,ILIEV WINERY
"ILIEV WINERY, ROSE 2022, 0.75L",450 ден,https://wine.mk/wp-content/uploads/2023/09/3-5-375x400.jpg,ILIEV WINERY
"ILIEV WINERY, GEWURTZTRAMINER, 0.75L",690 ден,https://wine.mk/wp-content/uploads/2023/09/1-6-375x400.jpg,ILIEV WINERY
"ILIEV WINERY, RIESLING 2022, 0.75L",499 ден,https://wine.mk/wp-content/uploads/2023/09/2-4-375x400.jpg,ILIEV WINERY
"ILIEV WINERY, TEMJANIKA 2022, 0.75L",450 ден,https://wine.mk/wp-content/uploads/2023/09/5-4-375x400.jpg,ILIEV WINERY
"OLD SCHOOL WINERY, MERLOT, 0.75L",490 ден,https://wine.mk/wp-content/uploads/2023/08/21-2-375x400.jpg,Old School Winery
"OLD SCHOOL WINERY, CABERNET SAUVIGNON, 0.75L",490 ден,https://wine.mk/wp-content/uploads/2023/08/20-2-375x400.jpg,Old School Winery
"CHATEAU KAMNIK, WINEMAKERS’ SELECTION 2020, 0.375L",330 ден,https://wine.mk/wp-content/uploads/2017/11/25-1-375x400.png,Kamnik Winery
"OLD SCHOOL WINERY, R’KACITELI, 0.75L",490 ден,https://wine.mk/wp-content/uploads/2023/08/old-school-rkaciteli-1-1-375x400.jpg,Old School Winery
"OLD SCHOOL WINERY, TEMJANIKA, 0.75L",430 ден,https://wine.mk/wp-content/uploads/2023/08/5-3-375x400.jpg,Old School Winery
"OLD SCHOOL WINERY, CHARDONNAY OAK EDITION, 0.75L",630 ден,https://wine.mk/wp-content/uploads/2023/08/4-3-375x400.jpg,Old School Winery
"PARAGON WINERY, CHARDONNAY, 0.75L",520 ден,https://wine.mk/wp-content/uploads/2023/06/6-7-375x400.png,Paragon Winery
"PARAGON WINERY, TEMJANIKA, 0.75L",520 ден,https://wine.mk/wp-content/uploads/2023/06/7-5-375x400.png,Paragon Winery
"PARAGON WINERY, ITALIAN RIESLING, 0.75L",520 ден,https://wine.mk/wp-content/uploads/2023/06/8-5-375x400.png,Paragon Winery
"PARAGON WINERY, SAUVIGNON BLANC, 0.75L",520 ден,https://wine.mk/wp-content/uploads/2023/06/9-3-375x400.png,Paragon Winery
"PARAGON WINERY, ROSE, 0.75L",520 ден,https://wine.mk/wp-content/uploads/2023/06/10-4-375x400.png,Paragon Winery
"PARAGON WINERY, GAME, 0.75L",520 ден,https://wine.mk/wp-content/uploads/2023/06/game-375x400.jpg,Paragon Winery
"DOMAINE BABUNA, BABUNA RED 2021, 0.75l",930 ден,https://wine.mk/wp-content/uploads/2023/10/Tikves-Babuna-Red-Wine-0.75L-375x400.jpg,Tikveš Châteaux & Domaines
"DOMAINE BABUNA, BABUNA WHITE 2022, 0.75l",930 ден,https://wine.mk/wp-content/uploads/2023/10/Tikves-Babuna-White-Wine-0.75L-375x400.jpg,Tikveš Châteaux & Domaines
"DOMAINE BELA VODA, GRENACHE BLANC 2021, 0.75l",750 ден,https://wine.mk/wp-content/uploads/2023/10/%D0%93%D1%80%D0%B5%D0%BD%D0%B0%D0%B6-%D0%B1%D0%BB%D0%B0%D0%BD%D0%BA-1-768x768-1-375x400.png,Tikveš Châteaux & Domaines
"DOMAINE BAROVO, ROSE 2022, 0.75l",930 ден,https://wine.mk/wp-content/uploads/2023/10/Rose-Barovo-375x400.jpg,Tikveš Châteaux & Domaines
"DOMAINE BAROVO, TEMJANIKA 2022, 0.75l",930 ден,https://wine.mk/wp-content/uploads/2023/10/Temjanika-Barovo-375x400.jpg,Tikveš Châteaux & Domaines
"KARTAL WINERY, VRANEC LATE HARVEST, 0.75L",760 ден 608 ден,https://wine.mk/wp-content/uploads/2023/10/7-4-375x400.jpg,Kartal Winery
"ILIEV WINERY, CABERNET SAUVIGNON 2021, 0.75L",450 ден,https://wine.mk/wp-content/uploads/2023/09/6-4-375x400.jpg,ILIEV WINERY
"ILIEV WINERY, SYRAH 2021, 0.75L",499 ден,https://wine.mk/wp-content/uploads/2023/09/4-4-375x400.jpg,ILIEV WINERY
"ILIEV WINERY, ROSE 2022, 0.75L",450 ден,https://wine.mk/wp-content/uploads/2023/09/3-5-375x400.jpg,ILIEV WINERY
"ILIEV WINERY, GEWURTZTRAMINER, 0.75L",690 ден,https://wine.mk/wp-content/uploads/2023/09/1-6-375x400.jpg,ILIEV WINERY
"ILIEV WINERY, RIESLING 2022, 0.75L",499 ден,https://wine.mk/wp-content/uploads/2023/09/2-4-375x400.jpg,ILIEV WINERY
"ILIEV WINERY, TEMJANIKA 2022, 0.75L",450 ден,https://wine.mk/wp-content/uploads/2023/09/5-4-375x400.jpg,ILIEV WINERY
"OLD SCHOOL WINERY, MERLOT, 0.75L",490 ден,https://wine.mk/wp-content/uploads/2023/08/21-2-375x400.jpg,Old School Winery
"OLD SCHOOL WINERY, CABERNET SAUVIGNON, 0.75L",490 ден,https://wine.mk/wp-content/uploads/2023/08/20-2-375x400.jpg,Old School Winery
"CHATEAU KAMNIK, WINEMAKERS’ SELECTION 2020, 0.375L",330 ден,https://wine.mk/wp-content/uploads/2017/11/25-1-375x400.png,Kamnik Winery
"OLD SCHOOL WINERY, R’KACITELI, 0.75L",490 ден,https://wine.mk/wp-content/uploads/2023/08/old-school-rkaciteli-1-1-375x400.jpg,Old School Winery
"OLD SCHOOL WINERY, TEMJANIKA, 0.75L",430 ден,https://wine.mk/wp-content/uploads/2023/08/5-3-375x400.jpg,Old School Winery
"OLD SCHOOL WINERY, CHARDONNAY OAK EDITION, 0.75L",630 ден,https://wine.mk/wp-content/uploads/2023/08/4-3-375x400.jpg,Old School Winery
"PARAGON WINERY, CHARDONNAY, 0.75L",520 ден,https://wine.mk/wp-content/uploads/2023/06/6-7-375x400.png,Paragon Winery
"PARAGON WINERY, TEMJANIKA, 0.75L",520 ден,https://wine.mk/wp-content/uploads/2023/06/7-5-375x400.png,Paragon Winery
"PARAGON WINERY, ITALIAN RIESLING, 0.75L",520 ден,https://wine.mk/wp-content/uploads/2023/06/8-5-375x400.png,Paragon Winery
"PARAGON WINERY, SAUVIGNON BLANC, 0.75L",520 ден,https://wine.mk/wp-content/uploads/2023/06/9-3-375x400.png,Paragon Winery
"PARAGON WINERY, ROSE, 0.75L",520 ден,https://wine.mk/wp-content/uploads/2023/06/10-4-375x400.png,Paragon Winery
"PARAGON WINERY, GAME, 0.75L",520 ден,https://wine.mk/wp-content/uploads/2023/06/game-375x400.jpg,Paragon Winery
"DOMAINE BABUNA, BABUNA RED 2021, 0.75l",930 ден,https://wine.mk/wp-content/uploads/2023/10/Tikves-Babuna-Red-Wine-0.75L-375x400.jpg,Tikveš Châteaux & Domaines
"DOMAINE BABUNA, BABUNA WHITE 2022, 0.75l",930 ден,https://wine.mk/wp-content/uploads/2023/10/Tikves-Babuna-White-Wine-0.75L-375x400.jpg,Tikveš Châteaux & Domaines
"DOMAINE BELA VODA, GRENACHE BLANC 2021, 0.75l",750 ден,https://wine.mk/wp-content/uploads/2023/10/%D0%93%D1%80%D0%B5%D0%BD%D0%B0%D0%B6-%D0%B1%D0%BB%D0%B0%D0%BD%D0%BA-1-768x768-1-375x400.png,Tikveš Châteaux & Domaines
"DOMAINE BAROVO, ROSE 2022, 0.75l",930 ден,https://wine.mk/wp-content/uploads/2023/10/Rose-Barovo-375x400.jpg,Tikveš Châteaux & Domaines
"DOMAINE BAROVO, TEMJANIKA 2022, 0.75l",930 ден,https://wine.mk/wp-content/uploads/2023/10/Temjanika-Barovo-375x400.jpg,Tikveš Châteaux & Domaines
"KARTAL WINERY, VRANEC LATE HARVEST, 0.75L",760 ден 608 ден,https://wine.mk/wp-content/uploads/2023/10/7-4-375x400.jpg,Kartal Winery
"ILIEV WINERY, CABERNET SAUVIGNON 2021, 0.75L",450 ден,https://wine.mk/wp-content/uploads/2023/09/6-4-375x400.jpg,ILIEV WINERY
"ILIEV WINERY, SYRAH 2021, 0.75L",499 ден,https://wine.mk/wp-content/uploads/2023/09/4-4-375x400.jpg,ILIEV WINERY
"ILIEV WINERY, ROSE 2022, 0.75L",450 ден,https://wine.mk/wp-content/uploads/2023/09/3-5-375x400.jpg,ILIEV WINERY
"ILIEV WINERY, GEWURTZTRAMINER, 0.75L",690 ден,https://wine.mk/wp-content/uploads/2023/09/1-6-375x400.jpg,ILIEV WINERY
"ILIEV WINERY, RIESLING 2022, 0.75L",499 ден,https://wine.mk/wp-content/uploads/2023/09/2-4-375x400.jpg,ILIEV WINERY
"ILIEV WINERY, TEMJANIKA 2022, 0.75L",450 ден,https://wine.mk/wp-content/uploads/2023/09/5-4-375x400.jpg,ILIEV WINERY
"OLD SCHOOL WINERY, MERLOT, 0.75L",490 ден,https://wine.mk/wp-content/uploads/2023/08/21-2-375x400.jpg,Old School Winery
"OLD SCHOOL WINERY, CABERNET SAUVIGNON, 0.75L",490 ден,https://wine.mk/wp-content/uploads/2023/08/20-2-375x400.jpg,Old School Winery
"CHATEAU KAMNIK, WINEMAKERS’ SELECTION 2020, 0.375L",330 ден,https://wine.mk/wp-content/uploads/2017/11/25-1-375x400.png,Kamnik Winery
"OLD SCHOOL WINERY, R’KACITELI, 0.75L",490 ден,https://wine.mk/wp-content/uploads/2023/08/old-school-rkaciteli-1-1-375x400.jpg,Old School Winery
"OLD SCHOOL WINERY, TEMJANIKA, 0.75L",430 ден,https://wine.mk/wp-content/uploads/2023/08/5-3-375x400.jpg,Old School Winery
"OLD SCHOOL WINERY, CHARDONNAY OAK EDITION, 0.75L",630 ден,https://wine.mk/wp-content/uploads/2023/08/4-3-375x400.jpg,Old School Winery
"PARAGON WINERY, CHARDONNAY, 0.75L",520 ден,https://wine.mk/wp-content/uploads/2023/06/6-7-375x400.png,Paragon Winery
"PARAGON WINERY, TEMJANIKA, 0.75L",520 ден,https://wine.mk/wp-content/uploads/2023/06/7-5-375x400.png,Paragon Winery
"PARAGON WINERY, ITALIAN RIESLING, 0.75L",520 ден,https://wine.mk/wp-content/uploads/2023/06/8-5-375x400.png,Paragon Winery
"PARAGON WINERY, SAUVIGNON BLANC, 0.75L",520 ден,https://wine.mk/wp-content/uploads/2023/06/9-3-375x400.png,Paragon Winery
"PARAGON WINERY, ROSE, 0.75L",520 ден,https://wine.mk/wp-content/uploads/2023/06/10-4-375x400.png,Paragon Winery
"PARAGON WINERY, GAME, 0.75L",520 ден,https://wine.mk/wp-content/uploads/2023/06/game-375x400.jpg,Paragon Winery
